Name, Theo_Area, Wet_Area, Theo_Vol, Wet_Vol
WingGeom,20.649720,10.481271,0.674583,0.350753
WingSpar,1.203282,0.000000,0.011816,0.000000
WingSpar,1.203282,0.000000,0.011816,0.000000
MeshGeom,20.649720,9.898908,0.674583,0.331265
Totals,43.706003,20.380179,1.372798,0.682018

Tag_Name, Tag_Theo_Area, Tag_Wet_Area
WingGeom_S_Surf0,10.324860,5.260849
WingGeom_S_Surf1,10.324860,5.220422
WingSpar_S_Surf0,1.203282,0.000000
WingSpar_S_Surf1,1.203282,0.000000
MeshGeom_S_Surf0,20.649720,9.898908
